,Amount,SUPERVISOR Involved,PRE_APPROVER Involved,DIRECTOR Involved,BUDGET_OWNER Involved,ADMINISTRATOR Involved,Number Of Levels,APPROVED/REJECTED,Throughput Time
declaration 73596,15.482037421522481,1,1,1,0,0,3,1,6.961666666666667
declaration 73594,131.5973180829411,1,1,1,0,0,3,1,6.958136574074074
declaration 73592,164.28161930615522,1,1,1,0,0,3,1,6.952847222222222
declaration 73584,208.14739200046893,1,1,1,0,0,3,1,5.978391203703704
declaration 73578,146.219242314379,1,1,1,0,0,3,1,3.1860648148148147
declaration 73586,265.77497573613596,1,1,1,0,0,3,1,5.992337962962963
declaration 73580,14.6219242314379,1,1,1,0,0,3,1,3.1963310185185185
declaration 73576,293.29859781884255,1,1,1,0,0,3,1,3.1830671296296296
declaration 73566,31.824188033129545,1,1,1,0,0,3,1,6.022905092592593
declaration 73574,535.8505174226948,1,1,1,0,0,3,1,3.0877199074074073
declaration 73572,526.3892723317643,1,1,1,0,0,3,1,10.075891203703703
declaration 73588,188.3647886285235,1,1,1,0,0,3,1,8.26082175925926
declaration 73590,255.45361745512093,1,1,1,0,0,3,1,6.297743055555555
declaration 73570,31.824188033129545,1,1,1,0,0,3,1,6.167453703703703
declaration 73564,61.06803649600534,1,1,1,0,0,3,1,6.010416666666667
declaration 73568,305.3401824800267,1,1,1,0,0,3,1,6.158287037037037
declaration 72590,14.569043850933994,1,1,0,0,0,2,1,15.96613425925926
declaration 74628,0.0,1,0,0,0,0,1,0,0.0
declaration 72817,614.0805294164306,1,1,0,0,0,2,1,7.149606481481482
declaration 76810,42.903031715630824,1,0,0,0,0,1,1,22.11337962962963
declaration 76291,6.278492446189876,1,0,0,0,0,1,1,22.106342592592593
declaration 76685,246.37524517264168,1,0,0,0,0,1,1,6.059525462962963
declaration 76038,635.2514478871398,1,1,0,0,0,2,1,3.0475578703703703
declaration 74088,279.06558808889054,1,0,0,0,0,1,1,6.9734375
declaration 76299,198.58748831686427,1,0,0,0,0,1,1,6.2287384259259255
declaration 73662,46.06601549799594,1,0,0,0,0,1,1,10.812962962962963
declaration 76308,95.09987739174827,1,0,0,0,0,1,1,6.342337962962963
declaration 76186,1054.6740294960018,1,1,0,0,0,2,1,14.939675925925926
declaration 73012,321.6155568566093,1,1,1,0,0,3,1,91.04012731481481
declaration 73010,763.8369475344472,1,1,1,0,0,3,1,57.244479166666665
declaration 76318,2196.992008934237,1,0,1,0,0,2,1,3.3457291666666666
declaration 76549,319.85866559908953,1,1,0,0,0,2,1,6.959710648148148
declaration 73728,821.9636065443057,1,0,0,0,0,1,1,4.104861111111111
declaration 76197,74.64153283360672,1,1,0,0,0,2,1,10.129895833333334
declaration 73740,264.73827200900377,1,0,0,0,0,1,1,7.123194444444445
declaration 77110,920.1943612037388,1,1,0,0,0,2,1,7.307002314814815
declaration 76215,588.7704881983716,1,1,1,0,0,3,1,3.316666666666667
declaration 77880,402.8060897102356,1,1,0,0,0,2,1,13.153136574074074
declaration 72863,1294.0226951971447,1,0,0,0,0,1,1,11.974317129629629
declaration 72381,577.4127774252486,1,0,0,0,0,1,1,16.12320601851852
declaration 76818,1018.3208900332536,1,0,1,0,0,2,1,14.258055555555556
declaration 74191,449.81856725107684,1,0,0,0,0,1,1,7.192256944444445
declaration 76329,461.28935038680555,1,0,0,0,0,1,1,7.398125
declaration 73798,610.4095311512791,1,0,0,0,0,1,1,5.173738425925926
declaration 73029,4197.653086949198,1,0,1,0,0,2,1,18.073981481481482
declaration 75907,2594.541203608695,1,1,1,0,0,3,1,17.02891203703704
declaration 76388,829.6059623580447,1,0,0,0,0,1,1,7.250150462962963
declaration 77786,636.7432134041993,1,0,0,0,0,1,1,10.007314814814816
declaration 73750,555.115436664515,1,0,0,0,0,1,1,4.230520833333333
declaration 77794,512.7394496069627,1,0,0,0,0,1,1,12.18431712962963
declaration 73678,949.0143076514539,1,1,0,0,0,2,1,10.094328703703704
declaration 75856,291.94621852310723,1,1,0,0,0,2,1,9.281574074074074
declaration 75865,904.5963767130293,1,0,1,0,0,2,1,8.919085648148148
declaration 76898,817.5914781510862,1,1,0,0,0,2,1,17.2565625
declaration 72392,305.44251572977157,1,1,0,0,0,2,1,8.95980324074074
declaration 72871,108.5841793881333,1,0,0,0,0,1,1,10.83605324074074
declaration 75923,108.5841793881333,1,0,0,0,0,1,1,10.834872685185186
declaration 72545,164.3456784334982,1,0,0,0,0,1,1,6.200289351851852
declaration 73279,828.9897678077698,1,0,0,0,0,1,1,4.348194444444444
declaration 73687,571.109840096693,1,0,0,0,0,1,1,16.37644675925926
declaration 73670,297.7114185811092,1,0,0,0,0,1,1,88.00685185185185
declaration 76151,1064.9478995751276,1,0,0,0,0,1,1,8.11587962962963
declaration 76398,1234.7257414644885,1,1,1,0,0,3,1,30.02891203703704
declaration 72535,126.7248891556553,1,1,0,0,0,2,1,8.05900462962963
declaration 73695,264.428145894452,1,1,0,0,0,2,1,9.869398148148148
declaration 76563,109.76016155524674,1,0,0,0,0,1,1,6.151435185185186
declaration 76571,330.5238334240676,1,0,0,0,0,1,1,5.2734606481481485
declaration 73248,292.5022213192594,1,1,0,0,0,2,1,7.007928240740741
declaration 73705,615.4507705081814,1,1,0,0,0,2,1,14.25017361111111
declaration 73758,350.45087788935757,1,1,0,0,0,2,1,7.236365740740741
declaration 72581,887.756339103456,1,1,0,0,0,2,1,37.21350694444445
declaration 73718,243.26726099514786,1,1,0,0,0,2,1,13.251087962962963
declaration 73041,637.7285974465609,1,0,0,0,0,1,1,7.392453703703704
declaration 76426,1460.7135789375286,1,0,0,0,0,1,1,45.947604166666665
declaration 77017,561.5938799628029,1,1,0,0,0,2,1,3.288472222222222
declaration 73845,258.0964317337797,1,1,0,0,0,2,1,11.326041666666667
declaration 76836,262.62092190438665,1,1,0,0,0,2,1,7.003796296296296
declaration 76159,243.28597245813958,1,1,0,0,0,2,1,6.990185185185185
declaration 77374,943.2928285279097,1,0,0,0,0,1,1,13.246689814814815
declaration 73260,649.3200489476726,1,0,0,0,0,1,1,11.101064814814816
declaration 73856,813.6883476826223,1,1,0,0,0,2,1,8.37193287037037
declaration 76581,390.15878341728245,1,1,0,0,0,2,1,8.211782407407407
declaration 72341,1841.8674543881805,1,1,0,0,0,2,1,12.136388888888888
declaration 76414,209.25899941212887,1,1,0,0,0,2,1,6.384409722222222
declaration 77382,192.5786530954656,1,1,0,0,0,2,1,7.198159722222222
declaration 77892,1714.8144734505863,1,1,0,0,0,2,1,8.095393518518518
declaration 72921,95.58015675591552,1,0,0,0,0,1,1,14.324444444444444
declaration 73828,435.5294909439887,1,0,0,0,0,1,1,6.005810185185185
declaration 72929,103.36083680296987,1,0,0,0,0,1,1,3.225011574074074
declaration 76275,1277.0839905334874,1,0,0,0,0,1,1,3.978738425925926
declaration 74100,239.65064953953149,1,0,0,0,0,1,1,5.992638888888889
declaration 73271,73.50103950433413,1,0,0,0,0,1,1,3.2711111111111113
declaration 76596,1358.911344511285,1,0,1,0,0,2,1,33.033425925925926
declaration 72605,139.2583191431625,1,0,0,0,0,1,1,10.231111111111112
declaration 73051,306.5583650402349,1,0,0,0,0,1,1,6.849131944444444
declaration 76828,116.11685555522203,1,0,0,0,0,1,1,7.270810185185185
declaration 76337,1638.4817597055992,1,1,1,0,0,3,1,8.246493055555556
declaration 76908,1919.957246532397,1,0,1,0,0,2,1,21.16784722222222
declaration 76606,315.7940805185064,1,0,0,0,0,1,1,3.943460648148148
declaration 75791,602.9403737675983,1,0,0,0,0,1,1,18.128796296296297
declaration 73869,916.4525723983608,1,1,0,0,0,2,1,7.072523148148148
declaration 73806,2746.04324134554,1,1,0,0,0,2,1,13.048645833333333
declaration 74038,5397.805464942537,1,0,1,0,0,2,1,13.290138888888889
declaration 74634,513.0902326403235,1,0,0,0,0,1,1,5.115891203703704
declaration 77904,587.9265064785214,1,0,0,0,0,1,1,23.79803240740741
declaration 73775,266.5452180554409,1,1,0,0,0,2,1,12.280277777777778
declaration 72631,374.1739415985759,1,0,0,0,0,1,1,7.156909722222222
declaration 73059,105.17075862180857,1,0,0,0,0,1,1,7.303425925925926
declaration 76047,829.5560176491686,1,0,1,0,0,2,1,7.223877314814815
declaration 76283,1525.3442532655758,1,0,0,0,0,1,1,7.259976851851852
declaration 74056,88.23394089750258,1,0,0,0,0,1,1,13.271689814814815
declaration 74064,1698.5033622769245,1,0,1,0,0,2,1,6.327928240740741
declaration 73784,463.8420222496397,1,0,0,0,0,1,1,9.247303240740742
declaration 73879,284.16068219333147,1,1,0,0,0,2,1,4.195868055555556
declaration 73888,534.2568988222456,1,0,0,0,0,1,1,8.309444444444445
declaration 73899,1707.3234948256236,1,0,0,0,0,1,1,10.3384375
declaration 74642,1669.9061558176381,1,0,0,0,0,1,1,6.243344907407407
declaration 76922,1457.1067471184144,1,0,0,0,0,1,1,6.055729166666667
declaration 76938,159.71269246864074,1,1,0,0,0,2,1,42.22831018518519
declaration 74110,1304.2455598821934,1,0,1,0,0,2,1,28.063194444444445
declaration 76240,93.69695000414818,1,0,0,0,0,1,1,5.1705902777777775
declaration 74120,521.8603656397789,1,1,0,0,0,2,1,23.14790509259259
declaration 75799,206.15197049071602,1,1,0,0,0,2,1,12.24017361111111
declaration 76701,75.63296805234478,1,1,0,0,0,2,1,20.09613425925926
declaration 73820,1774.3280879505871,1,0,0,0,0,1,1,13.304224537037037
declaration 73914,71.49503891491838,1,1,0,0,0,2,1,18.275243055555556
declaration 77397,1621.632784931646,1,1,0,0,0,2,1,4.2962847222222225
declaration 74073,2291.4969556565084,1,1,0,0,0,2,1,19.146516203703705
declaration 72941,1915.4564296000558,1,1,0,0,0,2,1,37.188715277777774
declaration 76714,656.7652243277629,1,1,0,0,0,2,1,14.953819444444445
declaration 74135,758.6095334680521,1,1,0,0,0,2,1,29.06736111111111
declaration 76974,0.0,1,1,0,0,0,2,1,26.060381944444444
declaration 74152,228.41272172818083,1,1,0,0,0,2,1,8.059988425925926
declaration 74279,230.74628476784326,1,0,0,0,0,1,1,6.301793981481482
declaration 73923,689.6677478543983,1,0,0,0,0,1,1,3.2767476851851853
declaration 74287,1612.9855239860462,1,0,1,0,0,2,1,13.041354166666666
declaration 73935,64.55806696299429,1,1,0,0,0,2,1,7.112824074074074
declaration 76231,254.32230545846878,1,1,0,0,0,2,1,2.2547106481481483
declaration 73071,410.46290253972893,1,1,0,0,0,2,1,9.09113425925926
declaration 72623,390.5237269291531,1,0,0,0,0,1,1,7.338888888888889
declaration 73963,1024.1285491917586,1,0,0,0,0,1,1,9.324305555555556
declaration 74296,1322.3584970472189,1,0,0,0,0,1,1,7.186446759259259
declaration 72962,245.80984631500644,1,0,0,0,0,1,1,13.09142361111111
declaration 73080,1910.8674037260005,1,1,0,0,0,2,1,10.099178240740741
declaration 72971,335.4363369354723,1,1,0,0,0,2,1,5.276365740740741
declaration 74305,612.1532135729506,1,1,0,0,0,2,1,7.265208333333334
declaration 74315,36.41341839618685,1,0,0,0,0,1,1,9.095925925925926
declaration 73971,202.07824788723198,1,1,0,0,0,2,1,6.195949074074074
declaration 73089,747.6226227813434,1,1,0,0,0,2,1,14.289375
declaration 74161,414.58689725592535,1,0,0,0,0,1,1,14.187025462962962
declaration 72982,261.51279531383057,1,1,0,0,0,2,1,8.10724537037037
declaration 74169,62.403855158476695,1,1,0,0,0,2,1,17.35960648148148
declaration 74171,1242.27209338735,1,1,0,0,0,2,1,18.099270833333332
declaration 74650,308.13527744725394,1,1,0,0,0,2,1,10.050011574074073
declaration 77568,420.5935885177308,1,1,0,0,0,2,1,9.023900462962963
declaration 73099,164.85981959107994,1,1,0,0,0,2,1,6.265775462962963
declaration 72995,354.04665637970527,1,0,0,0,0,1,1,20.159444444444443
declaration 77577,2138.75861423529,1,1,0,0,0,2,1,7.2509143518518515
declaration 77587,327.33738228760257,1,0,0,0,0,1,1,11.98423611111111
declaration 74183,453.48546232634135,1,0,0,0,0,1,1,12.375625
declaration 73288,270.9723222159146,1,1,0,0,0,2,1,10.261099537037037
declaration 73298,367.13990504353666,1,1,0,0,0,2,1,5.885578703703704
declaration 73981,0.0,1,0,0,0,0,1,0,0.0
declaration 76863,520.1753287415454,1,1,0,0,0,2,1,6.108888888888889
declaration 75809,748.878270432576,1,0,0,0,0,1,1,7.339016203703704
declaration 76987,217.68212320602,1,1,0,0,0,2,1,6.247071759259259
declaration 76996,527.1447881594719,1,0,0,0,0,1,1,10.150787037037038
declaration 76624,151.2353341116962,1,1,0,0,0,2,1,16.253020833333334
declaration 76350,658.7305437004752,1,0,0,0,0,1,1,11.940231481481481
declaration 77595,780.5149333431573,1,1,0,0,0,2,1,14.718587962962962
declaration 72639,451.5192648022272,1,1,0,0,0,2,1,5.2640162037037035
declaration 76873,300.166106025368,1,0,0,0,0,1,1,14.248576388888889
declaration 75125,2548.1017184520774,1,0,1,0,0,2,1,10.792268518518519
declaration 75817,245.5167468350225,1,1,0,0,0,2,1,7.15943287037037
declaration 77607,1211.0163382809926,1,0,1,0,0,2,1,13.121331018518518
declaration 76254,271.98759595456227,1,1,0,0,0,2,1,16.010104166666668
declaration 72648,334.29745991134644,1,1,0,0,0,2,1,5.065543981481482
declaration 73160,301.4239269225923,1,1,0,0,0,2,1,10.089560185185185
declaration 77026,56.44865498254377,1,0,0,0,0,1,1,6.168564814814815
declaration 74327,395.06808733579595,1,0,0,0,0,1,1,3.3405555555555555
declaration 77126,212.46394231721584,1,0,0,0,0,1,1,6.247476851851852
declaration 74335,385.0905766994647,1,0,0,0,0,1,1,5.332835648148148
declaration 74493,807.933873409649,1,0,0,0,0,1,1,6.054282407407407
declaration 74491,105.49455034966755,1,0,0,0,0,1,1,6.330775462962963
declaration 77004,455.0176948955581,1,1,0,0,0,2,1,23.167708333333334
declaration 75832,192.13213658458554,1,1,0,0,0,2,1,17.163287037037037
declaration 74506,104.91024600809115,1,1,0,0,0,2,1,37.092893518518515
declaration 74343,73.68952974655502,1,0,0,0,0,1,1,3.2692592592592593
declaration 77188,4717.339943676869,1,0,0,0,0,1,1,7.20443287037037
declaration 74351,340.12955845539983,1,1,0,0,0,2,1,7.331736111111111
declaration 77138,291.477803110207,1,1,0,0,0,2,1,3.1222685185185184
declaration 77034,637.1775695819274,1,1,0,0,0,2,1,21.11054398148148
declaration 74745,345.7360978835379,1,1,0,0,0,2,1,13.255740740740741
declaration 73170,168.21258215378117,1,1,0,0,0,2,1,8.255717592592593
declaration 75848,421.8058209507364,1,0,0,0,0,1,1,9.18068287037037
declaration 73998,142.3101150378045,1,1,0,0,0,2,1,3.2545254629629627
declaration 74523,523.4154423155987,1,1,0,0,0,2,1,8.2478125
declaration 74836,810.7865115797405,1,1,0,0,0,2,1,4.97619212962963
declaration 74008,495.83491895093425,1,0,0,0,0,1,1,5.298229166666666
declaration 76637,1178.2132963698514,1,0,0,0,0,1,1,17.412881944444443
declaration 76652,1728.8108868848308,1,0,1,0,0,2,1,17.163356481481483
declaration 73182,868.9837028295675,1,0,0,0,0,1,1,7.041944444444445
declaration 76178,981.7378983805406,1,0,0,0,0,1,1,10.139363425925925
declaration 77213,546.7520505223684,1,0,0,0,0,1,1,10.071631944444444
declaration 76358,35.05491615789348,1,0,0,0,0,1,1,9.087650462962962
declaration 74549,436.3552250101964,1,0,0,0,0,1,1,9.10074074074074
declaration 74022,79.40632377567884,1,1,0,0,0,2,1,10.203726851851853
declaration 75135,289.1709217631373,1,1,0,0,0,2,1,13.22193287037037
declaration 77221,419.6882589002159,1,0,0,0,0,1,1,5.324502314814815
declaration 76366,406.9704328729366,1,0,0,0,0,1,1,5.318888888888889
declaration 76436,337.78736061369784,1,1,0,0,0,2,1,9.193680555555556
declaration 75935,302.06451928026377,1,1,0,0,0,2,1,7.088159722222223
declaration 75933,48.91733105753259,1,1,0,0,0,2,1,3.0977662037037037
declaration 77619,915.3571778668792,1,1,0,0,0,2,1,12.27125
declaration 75949,1168.6509407884446,1,0,1,0,0,2,1,33.91369212962963
declaration 73310,513.9025705383827,1,1,0,0,0,2,1,13.845046296296296
declaration 73327,2559.330481922457,1,0,1,0,0,2,1,3.0592939814814817
declaration 73194,430.85922295849593,1,1,0,0,0,2,1,23.251921296296295
declaration 75963,446.276031312943,1,1,0,0,0,2,1,24.24471064814815
declaration 74673,1261.8975315613086,1,0,0,0,0,1,1,6.072199074074074
declaration 73219,51.84517971330086,1,1,0,0,0,2,1,34.11138888888889
declaration 75985,46.51690361886625,1,0,0,0,0,1,1,8.09306712962963
declaration 73232,460.6564986211817,1,0,0,0,0,1,1,13.049328703703704
declaration 74229,204.1304573218068,1,1,0,0,0,2,1,14.305300925925925
declaration 74361,1085.4666626672843,1,0,0,0,0,1,1,6.326076388888889
declaration 77806,293.78166098160364,1,1,0,0,0,2,1,20.053819444444443
declaration 74681,492.06016266998597,1,1,0,0,0,2,1,18.138136574074075
declaration 73240,302.1854405111465,1,0,0,0,0,1,1,5.275497685185186
declaration 77816,491.22149568295663,1,0,0,0,0,1,1,20.13740740740741
declaration 74755,1471.2689027971032,1,1,0,0,0,2,1,27.09060185185185
declaration 75145,1110.875511011024,1,1,0,0,0,2,1,27.101296296296297
declaration 77230,1214.4812296217117,1,1,0,0,0,2,1,17.189131944444444
declaration 77827,700.2227272815406,1,1,1,0,0,3,1,14.331689814814816
declaration 76851,771.5707420156019,1,0,0,0,0,1,1,6.868159722222222
declaration 76742,721.8620617233818,1,0,0,0,0,1,1,7.182291666666667
declaration 77272,354.14787005885705,1,0,0,0,0,1,1,7.19287037037037
declaration 74243,194.23187632515487,1,1,0,0,0,2,1,31.19019675925926
declaration 74559,279.7994260753943,1,1,0,0,0,2,1,14.259016203703704
declaration 78004,492.3123468119478,1,0,0,0,0,1,1,10.028993055555556
declaration 77287,57.68291308917396,1,0,0,0,0,1,1,12.320474537037038
declaration 74569,252.38290303371417,1,1,0,0,0,2,1,17.273483796296297
declaration 74583,2065.0302424314773,1,1,1,0,0,3,1,14.122291666666667
declaration 73447,1157.330142799039,1,1,0,0,0,2,1,83.29092592592593
declaration 74252,0.0,1,0,1,0,0,2,0,0.0
declaration 78012,291.2358870911775,1,1,0,0,0,2,1,13.30912037037037
declaration 74199,2134.018567384859,1,0,1,0,0,2,1,27.08246527777778
declaration 76378,1697.4313876963809,1,0,1,0,0,2,1,19.317210648148148
declaration 74937,342.2395472620643,1,1,0,0,0,2,1,5.182986111111111
declaration 78022,860.1841865394758,1,1,0,0,0,2,1,19.264722222222222
declaration 76750,338.41532143929817,1,0,0,0,0,1,1,10.245300925925926
declaration 74211,128.61730020674298,1,1,1,0,0,3,1,36.053263888888885
declaration 78035,414.26396830862353,1,1,0,0,0,2,1,6.000532407407407
declaration 76760,355.0951791407845,1,1,0,0,0,2,1,27.220289351851854
declaration 78045,147.58927909225272,1,1,0,0,0,2,1,4.285393518518519
declaration 76465,482.8114401312454,1,1,0,0,0,2,1,7.0207291666666665
declaration 74849,554.7185973014956,1,0,1,0,0,2,1,23.135844907407407
declaration 74865,33.923151304682534,1,1,0,0,0,2,1,4.347291666666667
declaration 74605,1233.3661692921187,1,1,0,0,0,2,1,3.2888078703703703
declaration 74765,408.65711003351333,1,1,0,0,0,2,1,13.2203125
declaration 78055,262.61501911346295,1,1,0,0,0,2,1,25.205532407407407
declaration 74260,489.5120816547854,1,1,0,0,0,2,1,6.250821759259259
declaration 77480,3742.222018315328,1,0,1,0,0,2,1,6.285833333333334
declaration 77490,1556.2261325797017,1,0,1,0,0,2,1,8.150590277777777
declaration 74879,645.0172714042257,1,1,0,0,0,2,1,46.18612268518518
declaration 75371,3636.3284626402906,1,0,1,0,0,2,1,9.120925925925926
declaration 75215,111.96642697908064,1,1,0,0,0,2,1,49.113125
declaration 75213,230.03003562533894,1,1,0,0,0,2,1,31.991377314814816
declaration 76475,276.23252001946753,1,0,0,0,0,1,1,4.289155092592592
declaration 85687,69.70719675698393,1,0,0,0,0,1,1,4.139641203703704
declaration 75231,471.5327315070691,1,1,0,0,0,2,1,5.151122685185185
declaration 75243,92.19921751585107,1,0,0,0,0,1,1,107.84680555555556
declaration 74269,129.76713908589267,1,1,0,0,0,2,1,11.136631944444444
declaration 76788,90.5970016658386,1,1,0,0,0,2,1,14.977233796296296
declaration 74984,498.3495852106964,1,0,1,0,0,2,1,14.076446759259259
declaration 75257,902.1434876155324,1,1,0,0,0,2,1,6.380046296296296
declaration 75267,415.64965850510396,1,1,0,0,0,2,1,10.993287037037037
declaration 74369,585.434852455943,1,0,0,0,0,1,1,6.249027777777778
declaration 75993,439.6035939055354,1,0,0,0,0,1,1,10.173796296296297
declaration 74896,999.2595690755516,1,1,0,0,0,2,1,7.154826388888889
declaration 77710,475.0947055481677,1,1,0,0,0,2,1,15.310335648148149
declaration 76773,69.98625868820206,1,1,0,0,0,2,1,6.189212962962963
declaration 76775,558.6622404058235,1,1,0,0,0,2,1,7.021481481481482
declaration 74620,47.326514631163626,1,0,0,0,0,1,1,7.219027777777778
declaration 76002,594.3653455149079,1,0,0,0,0,1,1,17.269548611111112
declaration 76001,0.0,1,0,0,0,0,1,0,0.0
declaration 76011,696.4269913387114,1,1,0,0,0,2,1,7.310798611111111
declaration 74377,636.2345495757327,1,0,0,0,0,1,1,16.06420138888889
declaration 77720,1348.0929564656935,1,0,0,0,0,1,1,15.835636574074075
declaration 77148,970.2152518220616,1,1,0,0,0,2,1,6.278842592592593
declaration 75277,886.9814121934227,1,1,0,0,0,2,1,10.373356481481482
declaration 77728,189.0153615764698,1,1,0,0,0,2,1,8.285370370370371
declaration 74390,463.88932339011865,1,0,0,0,0,1,1,3.403460648148148
declaration 75443,77.4913151524905,1,1,0,0,0,2,1,10.563460648148148
declaration 72127,77.4913151524905,1,1,0,0,0,2,1,10.559270833333333
declaration 77738,565.290681894788,1,0,0,0,0,1,1,6.178055555555556
declaration 77746,1413.9753834259955,1,0,1,0,0,2,1,9.09162037037037
declaration 72138,184.31438321848537,1,0,0,0,0,1,1,2.2569328703703704
declaration 75453,347.3943904901406,1,0,0,0,0,1,1,4.048078703703704
declaration 73473,711.4171021377748,1,0,0,0,0,1,1,9.087453703703703
declaration 72146,769.6260192246978,1,0,0,0,0,1,1,31.27380787037037
declaration 77755,889.9516415653801,1,0,0,0,0,1,1,24.048715277777777
declaration 74695,876.9208413437909,1,0,0,0,0,1,1,13.081388888888888
declaration 74408,566.3552071724905,1,0,0,0,0,1,1,2.3017939814814814
declaration 72158,524.3535300713094,1,0,1,0,0,2,1,19.975266203703704
declaration 73341,555.0812416633898,1,0,1,0,0,2,1,5.283784722222222
declaration 74703,328.5016897927828,1,0,0,0,0,1,1,10.038020833333333
declaration 76802,239.0173778796106,1,0,0,0,0,1,1,100.7387962962963
declaration 72555,301.83254718651784,1,1,0,0,0,2,1,13.298854166666667
declaration 75465,1203.8765208622192,1,1,0,0,0,2,1,6.092789351851851
declaration 76486,0.0,1,1,0,0,0,2,0,0.0
declaration 76487,0.0,1,1,0,0,0,2,0,0.0
declaration 72175,468.4816464358338,1,0,0,0,0,1,1,6.280810185185185
declaration 74726,598.9387480155503,1,0,0,0,0,1,1,6.8362847222222225
declaration 73486,290.4264353703093,1,0,0,0,0,1,1,4.231863425925926
declaration 74994,549.5661280851123,1,0,0,0,0,1,1,8.014328703703704
declaration 75005,1620.2938428037467,1,0,0,0,0,1,1,8.021956018518518
declaration 76886,1207.7136598647094,1,0,1,0,0,2,1,23.974953703703704
declaration 75475,385.08321391948465,1,0,0,0,0,1,1,20.15164351851852
declaration 75391,2399.538381054287,1,1,1,0,0,3,1,21.171712962962964
declaration 72372,254.79731429723444,1,1,0,0,0,2,1,5.267141203703703
declaration 75483,517.1255836968502,1,1,0,0,0,2,1,6.227534722222222
declaration 76509,148.4491407637689,1,1,0,0,0,2,1,12.003032407407407
declaration 74440,42.236575614796166,1,1,0,0,0,2,1,4.111666666666666
declaration 77051,102.21238306071464,1,1,0,0,0,2,1,6.182314814814815
declaration 75492,712.0413201982369,1,1,0,0,0,2,1,6.285127314814815
declaration 74736,280.47851998911716,1,0,0,0,0,1,1,20.15613425925926
declaration 75501,1433.7802215296474,1,1,0,0,0,2,1,10.212766203703703
declaration 74422,70.90836222137814,1,1,0,0,0,2,1,7.001921296296296
declaration 75511,960.2775471729395,1,0,0,0,0,1,1,7.082476851851852
declaration 75576,895.3134851280344,1,0,0,0,0,1,1,16.02769675925926
declaration 73497,1738.7533236585875,1,1,0,0,0,2,1,10.290451388888888
declaration 75603,1694.0072974174695,1,1,0,0,0,2,1,31.100902777777776
declaration 75584,165.62813238527488,1,0,0,0,0,1,1,4.208206018518519
declaration 74908,267.4952265095762,1,1,0,0,0,2,1,14.24204861111111
declaration 75592,350.1327705011209,1,1,0,0,0,2,1,6.2890625
declaration 74927,535.1400856603594,1,0,0,0,0,1,1,3.744594907407407
declaration 74925,100.3387660613174,1,0,0,0,0,1,1,11.71994212962963
declaration 76519,3112.4740388089203,1,1,1,0,0,3,1,20.11976851851852
declaration 76534,370.08371041054767,1,1,0,0,0,2,1,55.28855324074074
declaration 74457,137.35955479783163,1,0,0,0,0,1,1,3.2811921296296296
declaration 75016,2304.4915528905335,1,0,1,0,0,2,1,3.0867708333333335
declaration 77060,333.72391775281795,1,1,0,0,0,2,1,12.306527777777777
declaration 77161,482.0738139253403,1,1,0,0,0,2,1,6.199409722222223
declaration 74949,1753.6043046838276,1,1,0,0,0,2,1,14.326145833333333
declaration 74966,427.326257659323,1,0,0,0,0,1,1,6.245208333333333
declaration 75623,3611.5635251349404,1,0,1,0,0,2,1,21.93347222222222
declaration 76449,307.1091780814047,1,0,0,0,0,1,1,4.95537037037037
declaration 72573,0.0,1,0,0,0,0,1,0,0.0
declaration 72571,146.85362449643563,1,0,0,0,0,1,1,5.056898148148148
declaration 75744,1305.876814565906,1,0,0,0,0,1,1,19.995046296296298
declaration 80218,728.6438648254081,1,0,0,0,0,1,1,34.33943287037037
declaration 74660,319.66211488407805,1,0,0,0,0,1,1,21.030821759259258
declaration 75421,109.77224294384753,1,0,0,0,0,1,1,11.03099537037037
declaration 77300,433.971151826871,1,1,0,0,0,2,1,13.246469907407407
declaration 77077,321.76008077827834,1,1,0,0,0,2,1,14.308344907407408
declaration 75633,240.2622611907196,1,1,0,0,0,2,1,13.272141203703704
declaration 75028,4000.1049101085778,1,1,1,0,0,3,1,63.27621527777778
declaration 74974,129.95384626450897,1,1,0,0,0,2,1,18.1046875
declaration 75755,1047.614136003677,1,0,0,0,0,1,1,26.896400462962962
declaration 77097,0.0,1,1,0,0,0,2,0,0.0
declaration 74471,830.8334938031411,1,0,0,0,0,1,1,33.95439814814815
declaration 74479,907.4377706975121,1,0,0,0,0,1,1,8.040844907407408
declaration 75767,2446.244381921118,1,0,1,0,0,2,1,4.119317129629629
declaration 75777,3750.7655651158493,1,0,1,0,0,2,1,24.126493055555557
declaration 71965,566.9844235660203,1,0,0,0,0,1,1,7.381770833333333
declaration 77178,145.3017079851345,1,1,0,0,0,2,1,13.27
declaration 75049,348.93425307700085,1,0,0,0,0,1,1,5.0452662037037035
declaration 73513,232.03840209255168,1,1,0,0,0,2,1,22.22074074074074
declaration 72042,321.5294976788852,1,0,0,0,0,1,1,4.1965625
declaration 72495,733.3903734742892,1,0,0,0,0,1,1,15.03662037037037
declaration 71997,285.9372768071602,1,0,0,0,0,1,1,23.346608796296298
declaration 72011,1960.558644986602,1,1,0,0,0,2,1,7.2632060185185185
declaration 72013,0.0,1,1,0,0,0,2,0,1287234.0
declaration 72503,2246.4593432210063,1,0,0,0,0,1,1,6.260381944444444
declaration 77310,384.0933357318402,1,1,0,0,0,2,1,11.279456018518518
declaration 77320,29.41800287313511,1,0,0,0,0,1,1,3.3110185185185186
declaration 73527,485.3183290631252,1,1,0,0,0,2,1,6.284965277777777
declaration 77328,321.9672311607601,1,1,0,0,0,2,1,9.204409722222222
declaration 77338,1541.7937014317868,1,0,0,0,0,1,1,3.2414699074074074
declaration 77240,850.1200913354379,1,0,0,0,0,1,1,9.282013888888889
declaration 72050,117.3789323955316,1,1,0,0,0,2,1,156.1839351851852
declaration 72511,2123.1377994880286,1,1,0,0,0,2,1,7.233368055555555
declaration 77346,1378.8452374911421,1,0,1,0,0,2,1,12.17287037037037
declaration 77356,478.1377366661918,1,0,0,0,0,1,1,10.05457175925926
declaration 72033,300.0612612804963,1,0,0,0,0,1,1,7.3305439814814815
declaration 77248,1924.018439941299,1,0,0,0,0,1,1,14.081099537037037
declaration 72060,505.36414282080716,1,0,0,0,0,1,1,12.29380787037037
declaration 77364,1507.3536727116202,1,1,0,0,0,2,1,9.298333333333334
declaration 77256,1319.2325026944661,1,0,0,0,0,1,1,4.024166666666667
declaration 77264,202.86986274427483,1,0,0,0,0,1,1,11.003969907407408
declaration 77411,499.40085921574115,1,1,0,0,0,2,1,7.365543981481482
declaration 77421,157.12415837724103,1,0,0,0,0,1,1,4.113194444444445
declaration 77429,361.2914779452728,1,0,0,0,0,1,1,4.103796296296296
declaration 77500,1985.9420869464836,1,0,0,0,0,1,1,17.152835648148148
declaration 77437,970.3962057775814,1,0,0,0,0,1,1,7.270752314814815
declaration 77445,3524.392516646163,1,1,0,0,0,2,1,10.216400462962962
declaration 77511,1037.421103500521,1,1,0,0,0,2,1,17.810150462962962
declaration 77455,1721.402944257051,1,0,1,0,0,2,1,17.18986111111111
declaration 77465,2374.7037152288526,1,1,0,0,0,2,1,10.301226851851851
declaration 77521,2139.7925543810725,1,1,0,0,0,2,1,9.03050925925926
declaration 74828,29.472129709004612,1,0,0,0,0,1,1,13.185046296296296
declaration 75080,206.23771411262518,1,0,0,0,0,1,1,10.2496875
declaration 72184,3149.2443475884743,1,1,0,0,0,2,1,10.252384259259259
declaration 77637,1640.6449987059254,1,0,0,0,0,1,1,21.798159722222223
declaration 77648,859.1779994894313,1,0,0,0,0,1,1,6.295949074074074
declaration 77531,233.911032657265,1,0,0,0,0,1,1,7.267384259259259
declaration 77656,976.0113617758847,1,1,0,0,0,2,1,51.83569444444444
declaration 77539,779.6304574621772,1,0,0,0,0,1,1,2.8609722222222222
declaration 77549,1457.960068614427,1,0,0,0,0,1,1,2.1077199074074073
declaration 77559,1024.1651392419228,1,1,0,0,0,2,1,12.303425925925925
declaration 72783,1127.9272390891983,1,1,0,0,0,2,1,7.162708333333334
declaration 74775,88.82157661699036,1,0,0,0,0,1,1,14.855729166666666
declaration 77676,872.1359979892414,1,0,0,0,0,1,1,3.261388888888889
declaration 77666,105.42763654798709,1,1,0,0,0,2,1,23.828564814814815
declaration 77763,154.5245634167036,1,1,0,0,0,2,1,7.269328703703704
declaration 72194,2170.7411995048933,1,1,0,0,0,2,1,10.307071759259259
declaration 77684,176.1341707170262,1,0,0,0,0,1,1,8.363032407407408
declaration 74789,651.1891564290386,1,1,1,0,0,3,1,108.21626157407407
declaration 72734,473.3199053615543,1,1,0,0,0,2,1,7.2431828703703705
declaration 72209,357.4751945745919,1,1,0,0,0,2,1,19.126747685185187
declaration 74810,467.7811455950839,1,1,0,0,0,2,1,14.294502314814816
declaration 72223,1112.9998402984802,1,0,0,0,0,1,1,9.089351851851852
declaration 77778,496.87283271951026,1,0,0,0,0,1,1,7.1115509259259255
declaration 72744,980.5930467411798,1,0,0,0,0,1,1,5.327476851851852
declaration 74820,51.07427647035266,1,0,0,0,0,1,1,5.004305555555556
declaration 72753,1553.2344723840558,1,1,0,0,0,2,1,21.20917824074074
declaration 72231,72.30215044286615,1,0,0,0,0,1,1,5.032766203703703
declaration 72767,356.625471779002,1,0,0,0,0,1,1,5.035405092592592
declaration 72239,717.743287635598,1,0,0,0,0,1,1,7.383946759259259
declaration 72775,484.230916658263,1,0,0,0,0,1,1,7.449525462962963
declaration 76109,253.32056063964814,1,0,0,0,0,1,1,7.228993055555556
declaration 77841,69.7672655553612,1,0,0,0,0,1,1,6.335717592592593
declaration 77916,526.1230884466372,1,0,0,0,0,1,1,10.357986111111112
declaration 77849,409.11358157874855,1,1,0,0,0,2,1,6.121296296296296
declaration 72797,1086.0227661291042,1,0,0,0,0,1,1,49.1375
declaration 77859,644.8089939168566,1,1,0,0,0,2,1,14.795231481481482
declaration 77926,398.4506209825007,1,0,0,0,0,1,1,2.2939351851851852
declaration 81898,705.3766177204711,1,0,0,0,0,1,1,13.274155092592592
declaration 77935,177.74154332490426,1,0,0,0,0,1,1,6.248726851851852
declaration 77943,1585.3545321296476,1,0,0,0,0,1,1,23.303993055555555
declaration 78069,739.5184939192302,1,0,0,0,0,1,1,23.3459375
declaration 78078,1010.7002646859476,1,1,0,0,0,2,1,6.298796296296296
declaration 78088,2825.5612739196263,1,0,1,0,0,2,1,24.27429398148148
declaration 77955,136.9438351403698,1,1,0,0,0,2,1,2.233576388888889
declaration 78110,635.2514478871398,1,0,0,0,0,1,1,1.2647453703703704
declaration 78126,210.23283853019916,1,1,0,0,0,2,1,10.160115740740741
declaration 78124,594.9589330404636,1,1,0,0,0,2,1,10.045474537037038
declaration 77979,291.4577309984603,1,1,0,0,0,2,1,7.138819444444445
declaration 78145,2237.9586952990107,1,0,0,0,0,1,1,10.230405092592592
declaration 72252,768.9395826829109,1,0,0,0,0,1,1,32.263703703703705
declaration 77996,563.0246094258888,1,0,0,0,0,1,1,8.32013888888889
declaration 72886,297.3908776512695,1,1,0,0,0,2,1,10.1634375
declaration 78156,28.868661225795037,1,0,0,0,0,1,1,10.162557870370371
declaration 78164,97.83466211506519,1,0,1,0,0,2,1,9.185150462962962
declaration 75088,977.2122938227124,1,0,1,0,0,2,1,10.238101851851852
declaration 75097,1336.462854388287,1,0,1,0,0,2,1,34.84181712962963
declaration 72906,994.9821881783212,1,1,0,0,0,2,1,16.03528935185185
declaration 73113,82.42804438181233,1,1,0,0,0,2,1,21.21755787037037
declaration 73127,78.48888918676818,1,1,0,0,0,2,1,34.1328125
declaration 73143,457.21927629649326,1,1,0,0,0,2,1,7.3694444444444445
declaration 75158,152.3258768638685,1,1,0,0,0,2,1,13.176435185185186
declaration 75111,263.7757113457279,1,1,0,0,0,2,1,11.232604166666667
declaration 73360,258.3779768089108,1,1,0,0,0,2,1,10.324791666666666
declaration 75057,992.5568497468599,1,0,0,0,0,1,1,10.141909722222222
declaration 73380,123.36320396058525,1,0,0,0,0,1,1,8.136805555555556
declaration 73389,10.041273469841752,1,0,0,0,0,1,1,10.167326388888888
declaration 75175,1021.6839242587728,1,1,0,0,0,2,1,10.312847222222222
declaration 73403,0.0,1,1,0,0,0,2,0,0.0
declaration 73401,214.6068633355756,1,1,0,0,0,2,1,26.077986111111112
declaration 75185,694.8932785552678,1,0,0,0,0,1,1,15.153680555555555
declaration 73423,657.8453121965888,1,0,0,0,0,1,1,17.412280092592592
declaration 75289,752.2230524257362,1,1,0,0,0,2,1,59.231435185185184
declaration 75193,250.82605392500227,1,1,0,0,0,2,1,6.9321875
declaration 75310,593.420469335066,1,0,0,0,0,1,1,11.208587962962962
declaration 73436,439.2475042627203,1,0,0,0,0,1,1,10.25775462962963
declaration 75070,4807.217912272492,1,0,1,0,0,2,1,14.149849537037037
declaration 72070,5427.949063068078,1,0,1,0,0,2,1,14.136215277777778
declaration 72086,0.0,1,1,0,0,0,2,0,0.0
declaration 72084,335.85495216466813,1,1,0,0,0,2,1,6.139166666666667
declaration 72102,2122.0897835446526,1,0,1,0,0,2,1,14.232025462962962
declaration 72116,1447.9261360258304,1,0,1,0,0,2,1,6.023668981481482
declaration 75412,477.24303776726947,1,1,0,0,0,2,1,5.125451388888889
declaration 75323,229.96222868911866,1,0,0,0,0,1,1,3.4265856481481483
declaration 75341,121.08135303159881,1,1,0,0,0,2,1,24.12792824074074
declaration 72260,800.9284792802337,1,1,0,0,0,2,1,6.127627314814815
declaration 75519,1177.1903228877848,1,0,0,0,0,1,1,27.122824074074074
declaration 75535,751.3258134298115,1,0,0,0,0,1,1,6.077662037037037
declaration 75546,133.25092022557178,1,0,0,0,0,1,1,6.098472222222222
declaration 72271,43.2397827182959,1,1,0,0,0,2,1,3.309039351851852
declaration 72282,177.65783498959095,1,1,1,0,0,3,1,66.11520833333333
declaration 72297,1059.1633402473324,1,0,0,0,0,1,1,29.058877314814815
declaration 72305,391.65500446571076,1,0,0,0,0,1,1,2.972939814814815
declaration 72313,385.3304045414432,1,1,0,0,0,2,1,14.347881944444444
declaration 72323,1214.3727435032465,1,0,0,0,0,1,1,8.129560185185186
declaration 72331,228.41272172818083,1,1,0,0,0,2,1,8.109837962962963
declaration 72359,40.13990529568327,1,1,0,0,0,2,1,6.831863425925926
declaration 72413,654.7310493555699,1,0,0,0,0,1,1,4.290543981481481
declaration 72431,1570.6356491504455,1,1,0,0,0,2,1,9.100416666666666
declaration 75558,216.1518869698392,1,1,1,0,0,3,1,4.365833333333334
declaration 72455,309.49136679834737,1,0,0,0,0,1,1,11.818252314814815
declaration 72465,3208.6272242626515,1,0,1,0,0,2,1,64.02082175925926
declaration 72475,632.5501619887,1,1,0,0,0,2,1,3.177037037037037
declaration 72485,57.135765628574184,1,1,0,0,0,2,1,3.354490740740741
declaration 72658,5442.596559440727,1,0,1,0,0,2,1,10.171805555555556
declaration 72672,2371.1459853288634,1,1,1,0,0,3,1,17.018819444444443
declaration 72826,1394.267506698182,1,0,1,0,0,2,1,3.2960648148148146
declaration 75435,858.2537411233768,1,0,0,0,0,1,1,34.86396990740741
declaration 72688,317.3456089792883,1,1,0,0,0,2,1,8.94488425925926
declaration 75643,566.0258107909817,1,1,0,0,0,2,1,3.3771643518518517
declaration 75653,464.34727994513565,1,1,0,0,0,2,1,11.132939814814815
declaration 75668,310.53735672973653,1,1,0,0,0,2,1,16.17303240740741
declaration 75684,1054.3656992085596,1,1,0,0,0,2,1,10.087291666666667
declaration 72705,1413.206571941579,1,0,0,0,0,1,1,3.3873842592592593
declaration 75701,579.4893995680344,1,0,0,0,0,1,1,5.079490740740741
declaration 75716,913.5900417701821,1,1,0,0,0,2,1,3.3019791666666665
declaration 75735,23.02113896936288,1,0,0,0,0,1,1,4.672592592592593
declaration 76060,38.71636731766091,1,1,0,0,0,2,1,11.080509259259259
declaration 72717,1277.1375002523735,1,1,0,0,0,2,1,6.071793981481481
declaration 75874,611.2750937874509,1,1,0,0,0,2,1,35.84539351851852
declaration 72847,807.2796412097136,1,1,0,0,0,2,1,10.138761574074074
declaration 75888,1945.1470597796815,1,0,1,0,0,2,1,7.1964351851851855
declaration 76075,378.21793693170383,1,0,1,0,0,2,1,5.117141203703704
declaration 76088,0.0,1,0,1,0,0,2,0,153455.0
declaration 76086,2851.88040065415,1,0,1,0,0,2,1,9.148761574074074
declaration 76089,0.0,1,0,1,0,0,2,0,154253.0
declaration 76117,1113.4688394776097,1,1,0,0,0,2,1,6.3266782407407405
declaration 80640,1004.8031093847554,1,1,0,0,0,2,1,6.2428587962962965
declaration 84739,741.2481954477704,1,1,0,0,0,2,1,14.962546296296296
declaration 84309,549.7854048189365,1,1,0,0,0,2,1,13.338773148148148
declaration 82119,1417.461058915051,1,0,1,0,0,2,1,6.378715277777777
declaration 79989,163.03282171550939,1,1,0,0,0,2,1,12.309328703703704
declaration 83051,2281.59331775335,1,0,1,0,0,2,1,4.099259259259259
declaration 84319,1173.065417492068,1,0,1,0,0,2,1,3.9749421296296297
declaration 82531,170.23527345455523,1,1,0,0,0,2,1,10.271851851851851
declaration 84578,2319.8930012689348,1,1,1,0,0,3,1,28.22709490740741
declaration 81890,633.3510974227365,1,0,0,0,0,1,1,4.335648148148148
declaration 82877,219.5549070406614,1,0,0,0,0,1,1,101.09662037037037
declaration 80101,341.0626539230489,1,0,0,0,0,1,1,7.124837962962963
declaration 82615,657.0441686910085,1,1,0,0,0,2,1,8.328784722222222
declaration 83683,1415.1598566246157,1,0,0,0,0,1,1,3.320520833333333
declaration 82425,385.5568305237974,1,0,0,0,0,1,1,17.118391203703705
declaration 85907,2996.975363315232,1,0,1,0,0,2,1,24.13108796296296
declaration 84749,4.891733105753259,1,1,0,0,0,2,1,3.088287037037037
declaration 84751,1454.0676656851563,1,1,0,0,0,2,1,3.091365740740741
declaration 84753,0.0,1,1,0,0,0,2,0,19139.0
declaration 79517,0.0,1,0,0,0,0,1,0,0.0
declaration 84941,653.1637624153079,1,1,0,0,0,2,1,9.284548611111111
declaration 82435,37.485914993113646,1,1,0,0,0,2,1,46.09439814814815
declaration 79530,295.0891449709242,1,0,0,0,0,1,1,4.672893518518518
declaration 80550,194.88332059371618,1,1,0,0,0,2,1,7.152824074074074
declaration 80548,131.45975472002155,1,1,0,0,0,2,1,7.132766203703704
declaration 80575,916.0014615727231,1,0,0,0,0,1,1,14.797326388888889
declaration 85917,722.4775440967668,1,0,1,0,0,2,1,6.189375
declaration 84951,565.9099549728749,1,1,0,0,0,2,1,23.92105324074074
declaration 80583,1799.8554267054135,1,1,1,0,0,3,1,10.250844907407407
declaration 84589,0.0,1,0,0,0,0,1,0,0.0
declaration 85354,72.44217942147709,1,1,0,0,0,2,1,20.20462962962963
declaration 84596,376.53779288161167,1,1,0,0,0,2,1,8.306828703703705
declaration 82137,0.0,1,0,1,0,0,2,0,0.0
declaration 82135,2236.3236768804413,1,0,1,0,0,2,1,5.2200347222222225
declaration 82138,0.0,1,0,1,0,0,2,0,0.0
declaration 82149,435.36424641204,1,0,0,0,0,1,1,8.207905092592593
declaration 85525,19.446446638941758,1,1,0,0,0,2,1,2.2259375
declaration 79659,1592.2521118661996,1,0,1,0,0,2,1,6.054965277777778
declaration 84790,700.7192480259209,1,1,0,0,0,2,1,6.0770486111111115
declaration 83075,0.0,1,1,0,0,0,2,0,167367.0
declaration 83073,1129.297682757499,1,1,0,0,0,2,1,20.33119212962963
declaration 85538,1599.4674804868848,1,0,0,0,0,1,1,20.18320601851852
declaration 83314,47.326514631163626,1,0,0,0,0,1,1,10.225138888888889
declaration 84770,235.11970396873113,1,1,0,0,0,2,1,6.300405092592593
declaration 85179,888.1272100520426,1,0,0,0,0,1,1,17.235104166666666
declaration 82966,194.87388377537962,1,0,0,0,0,1,1,6.034837962962963
declaration 85642,1098.5666929225747,1,0,0,0,0,1,1,17.232164351851853
declaration 85371,442.0730174705848,1,1,0,0,0,2,1,10.300659722222223
declaration 80004,273.68562038989126,1,1,0,0,0,2,1,8.972743055555556
declaration 82885,2754.0457385390846,1,0,1,0,0,2,1,17.083217592592593
declaration 82550,73.96009154242864,1,0,0,0,0,1,1,14.32013888888889
declaration 82006,473.66290694414266,1,0,0,0,0,1,1,9.294884259259259
declaration 81914,589.2966682061959,1,1,0,0,0,2,1,9.280752314814816
declaration 80226,233.57042882409826,1,1,0,0,0,2,1,10.152789351851851
declaration 80594,1281.5929598026298,1,0,1,0,0,2,1,58.34670138888889
declaration 82497,990.7616318734276,1,0,0,0,0,1,1,3.3173032407407406
declaration 81924,939.990743513934,1,1,0,0,0,2,1,10.908020833333333
declaration 84328,93.40494839093398,1,0,0,0,0,1,1,6.849895833333333
declaration 84330,842.28321882351,1,0,0,0,0,1,1,6.877210648148148
declaration 82017,349.7888157720084,1,1,0,0,0,2,1,7.851979166666666
declaration 82632,1041.3743617664027,1,0,0,0,0,1,1,4.652372685185185
declaration 84629,1153.2062622369745,1,1,0,0,0,2,1,3.939525462962963
declaration 82846,1096.2940559883505,1,1,0,0,0,2,1,13.34113425925926
declaration 84780,715.6690630084638,1,1,0,0,0,2,1,6.817789351851852
declaration 83392,413.28330115532265,1,1,0,0,0,2,1,13.316840277777779
declaration 82717,3117.5739220151954,1,1,0,0,0,2,1,7.93005787037037
declaration 81338,1060.100165197881,1,1,0,0,0,2,1,8.090983796296296
declaration 79874,363.52010912974555,1,0,0,0,0,1,1,6.0859375
declaration 79054,1724.9562799250723,1,0,1,0,0,2,1,4.009895833333333
declaration 82452,902.9000071561677,1,0,0,0,0,1,1,10.29792824074074
declaration 85546,364.22609627334987,1,1,0,0,0,2,1,6.352546296296296
declaration 85381,22.36920497166112,1,1,0,0,0,2,1,4.999305555555556
declaration 79882,772.0830569821168,1,0,0,0,0,1,1,162.8391898148148
declaration 84611,605.060976612686,1,0,0,0,0,1,1,16.283391203703705
declaration 81937,26.323437427426253,1,0,0,0,0,1,1,33.945277777777775
declaration 82566,430.2691470647682,1,1,0,0,0,2,1,9.105497685185185
declaration 81351,1742.1876915792682,1,0,1,0,0,2,1,27.255671296296295
declaration 82754,975.226023091824,1,0,0,0,0,1,1,3.305034722222222
declaration 79538,631.4986562879601,1,1,0,0,0,2,1,3.1530092592592593
declaration 82507,549.24343306829,1,1,0,0,0,2,1,24.253356481481482
declaration 86429,944.1304332762606,1,0,0,0,0,1,1,8.085729166666667
declaration 82035,961.6765107479266,1,1,0,0,0,2,1,6.279016203703704
declaration 86102,1614.1410962003672,1,0,0,0,0,1,1,117.11453703703704
declaration 85886,86.95799174885254,1,0,0,0,0,1,1,6.0399768518518515
declaration 83139,767.654686234135,1,1,0,0,0,2,1,10.344386574074074
declaration 81370,2467.6746899976533,1,0,1,0,0,2,1,9.904814814814815
declaration 82045,428.8825012447283,1,0,0,0,0,1,1,5.087233796296296
declaration 81906,649.7379304737776,1,0,0,0,0,1,1,4.9052546296296295
declaration 85926,1323.60616240798,1,0,0,0,0,1,1,11.119398148148148
declaration 83327,27.613502042064816,1,0,0,0,0,1,1,3.0533912037037036
declaration 80017,1234.3990216900313,1,1,0,0,0,2,1,8.30912037037037
declaration 82579,558.1847509077825,1,1,0,0,0,2,1,68.05091435185186
declaration 82895,3116.821161781955,1,0,1,0,0,2,1,21.994085648148147
declaration 79893,3614.637710054648,1,0,1,0,0,2,1,72.93270833333334
declaration 82912,2304.6354641606877,1,1,1,0,0,3,1,7.396006944444444
declaration 83717,2242.226588003914,1,1,0,0,0,2,1,9.304537037037036
declaration 83727,1836.6988964724258,1,0,0,0,0,1,1,26.329965277777777
declaration 82053,183.80360646346432,1,0,0,0,0,1,1,6.280486111111111
declaration 84621,1184.7408059819304,1,0,0,0,0,1,1,7.871990740740741
declaration 85391,799.3859408427813,1,1,0,0,0,2,1,46.028761574074075
declaration 82464,200.2974941272207,1,1,0,0,0,2,1,4.2688194444444445
declaration 81360,360.353849434131,1,1,0,0,0,2,1,6.1261226851851855
declaration 85556,794.3298899635947,1,0,0,0,0,1,1,19.99540509259259
declaration 80610,103.22713993868088,1,1,0,0,0,2,1,5.340856481481482
declaration 81945,788.2319511343757,1,0,0,0,0,1,1,19.150625
declaration 85403,212.79039010026676,1,0,0,0,0,1,1,10.024837962962962
declaration 82520,1192.6725724497742,1,0,0,0,0,1,1,28.23337962962963
declaration 79547,1127.5367976218145,1,0,0,0,0,1,1,3.2447685185185184
declaration 82061,408.01956425913323,1,0,0,0,0,1,1,28.309328703703702
declaration 82727,603.0958528651959,1,1,0,0,0,2,1,9.018900462962963
declaration 85650,563.5104107852409,1,1,0,0,0,2,1,5.200347222222222
declaration 80236,525.0109761304502,1,0,0,0,0,1,1,21.999259259259258
declaration 83248,295.15386265836696,1,0,0,0,0,1,1,12.228935185185184
declaration 80109,448.58587403589024,1,1,0,0,0,2,1,3.265787037037037
declaration 82160,663.8636443089262,1,0,0,0,0,1,1,9.236342592592592
declaration 82929,806.3956815213494,1,1,0,0,0,2,1,6.070381944444445
declaration 82640,4685.53655725134,1,0,1,0,0,2,1,6.0219907407407405
declaration 80128,602.9403737675983,1,1,1,0,0,3,1,38.042627314814816
declaration 81531,248.58568871564938,1,1,0,0,0,2,1,18.27435185185185
declaration 82650,1729.842674607212,1,0,0,0,0,1,1,7.03574074074074
declaration 84857,437.7180813507424,1,1,0,0,0,2,1,6.841828703703704
declaration 80249,698.6204596163013,1,1,0,0,0,2,1,28.239722222222223
declaration 82658,1539.298247344054,1,1,0,0,0,2,1,13.956006944444445
declaration 85187,431.5273545781119,1,1,0,0,0,2,1,13.13474537037037
declaration 82668,471.35471848171267,1,1,0,0,0,2,1,6.8416550925925925
declaration 84843,1112.2464671980579,1,1,0,0,0,2,1,27.24082175925926
declaration 80029,95.97399877126483,1,1,0,0,0,2,1,10.061909722222222
declaration 82678,760.2267336286734,1,0,1,0,0,2,1,6.1887384259259255
declaration 82069,79.95055213534307,1,0,0,0,0,1,1,7.146446759259259
declaration 82589,52.505450443645024,1,1,0,0,0,2,1,7.240219907407408
declaration 80265,87.45804460541888,1,1,0,0,0,2,1,4.275034722222222
declaration 80275,873.0867066057792,1,0,1,0,0,2,1,5.271817129629629
declaration 80045,945.8428713004431,1,0,0,0,0,1,1,3.204502314814815
declaration 82795,2299.5118285494796,1,0,0,0,0,1,1,14.087662037037036
declaration 82806,566.3996607371204,1,0,0,0,0,1,1,23.26133101851852
declaration 80059,1073.9212052065282,1,1,0,0,0,2,1,73.20930555555556
declaration 80071,71.59517188074172,1,0,0,0,0,1,1,7.053148148148148
declaration 82764,0.0,1,1,0,0,0,2,0,0.0
declaration 82762,3919.1872184833323,1,1,0,0,0,2,1,10.310729166666667
declaration 83747,900.1660174271591,1,1,0,0,0,2,1,55.31149305555556
declaration 82814,605.2120828142414,1,1,0,0,0,2,1,24.25803240740741
declaration 85938,9.720497967705086,1,1,0,0,0,2,1,10.293391203703704
declaration 86376,96.31580726057143,1,0,0,0,0,1,1,1.277835648148148
declaration 84340,1172.3092337082608,1,0,0,0,0,1,1,13.051631944444445
declaration 80284,333.0852353679281,1,1,0,0,0,2,1,3.3211458333333335
declaration 79555,792.6730361790701,1,1,0,0,0,2,1,8.031574074074074
declaration 82824,787.6450135508593,1,0,0,0,0,1,1,11.129548611111112
declaration 82687,546.2438523476385,1,0,0,0,0,1,1,20.064363425925926
declaration 82832,987.9947185094696,1,1,0,0,0,2,1,23.97869212962963
declaration 80626,1232.1133262685282,1,1,0,0,0,2,1,7.1884953703703705
declaration 86386,2112.9135378430537,1,0,1,0,0,2,1,10.856770833333334
declaration 82598,3333.716111570846,1,0,1,0,0,2,1,8.132627314814815
declaration 82600,66.038396927669,1,0,1,0,0,2,1,14.118333333333334
declaration 85568,1199.2497917303258,1,0,0,0,0,1,1,7.35193287037037
declaration 79068,725.7241638819587,1,0,0,0,0,1,1,3.9539930555555554
declaration 82952,440.4355887818446,1,1,0,0,0,2,1,17.246770833333333
declaration 85197,78.48222956213878,1,0,0,0,0,1,1,20.01013888888889
declaration 82696,324.9033454586349,1,1,0,0,0,2,1,10.582083333333333
declaration 84867,933.6303030420542,1,1,0,0,0,2,1,10.595821759259259
declaration 82172,728.145083553022,1,0,0,0,0,1,1,11.765289351851852
declaration 84881,2631.099094731078,1,0,1,0,0,2,1,38.11075231481482
declaration 82777,1030.1312599783425,1,0,0,0,0,1,1,3.9719675925925926
declaration 85205,688.3873219566312,1,1,0,0,0,2,1,18.322905092592592
declaration 82190,831.8339798492535,1,1,0,0,0,2,1,6.3204976851851855
declaration 83912,1881.1080516896234,1,1,0,0,0,2,1,24.178680555555555
declaration 85219,1175.7206557439176,1,1,0,0,0,2,1,3.3358449074074072
declaration 85981,1854.1585454287997,1,1,0,0,0,2,1,10.258078703703704
declaration 80294,533.0365849065919,1,0,0,0,0,1,1,8.27300925925926
declaration 84639,801.3161361959073,1,0,0,0,0,1,1,4.067638888888889
declaration 83934,559.8975075266858,1,1,0,0,0,2,1,7.34988425925926
declaration 80081,1854.77067622343,1,0,1,0,0,2,1,21.793622685185184
declaration 84961,648.0792386385182,1,1,0,0,0,2,1,5.76912037037037
declaration 82785,319.13321879517986,1,1,0,0,0,2,1,4.812974537037037
declaration 84449,185.73873486645053,1,0,0,0,0,1,1,4.7115625
declaration 81492,0.0,1,1,0,0,0,2,0,11392.0
declaration 85229,611.0348665509987,1,1,0,0,0,2,1,10.172673611111112
declaration 83944,1198.3243043437149,1,0,0,0,0,1,1,5.332268518518519
declaration 82203,3030.520443910739,1,0,1,0,0,2,1,6.1560648148148145
declaration 85998,866.0372727552525,1,1,0,0,0,2,1,7.216168981481482
declaration 81541,893.4755691805486,1,0,0,0,0,1,1,8.111481481481482
declaration 84990,1363.9702975437995,1,0,0,0,0,1,1,6.054525462962963
declaration 83459,404.21070715706986,1,1,0,0,0,2,1,5.046331018518519
declaration 80784,1081.4703238562063,1,0,1,0,0,2,1,4.732152777777777
declaration 85268,13.91956312681283,1,0,0,0,0,1,1,9.067476851851852
declaration 82213,176.77845171052294,1,0,0,0,0,1,1,3.2097106481481483
declaration 80800,255.11636103687678,1,1,0,0,0,2,1,5.911909722222222
declaration 82861,31.319742535546567,1,0,0,0,0,1,1,24.11101851851852
declaration 78491,262.90410665670163,1,1,0,0,0,2,1,2.1597222222222223
declaration 80337,399.29781114186756,1,0,0,0,0,1,1,7.094548611111111
declaration 85276,284.84290420381024,1,1,0,0,0,2,1,5.993159722222222
declaration 84931,362.36657814650437,1,0,0,0,0,1,1,14.249895833333333
declaration 84929,546.0318300837737,1,0,0,0,0,1,1,14.218125
declaration 78503,435.47583918742225,1,1,0,0,0,2,0,0.0
declaration 78501,523.3600447022685,1,1,0,0,0,2,1,6.182835648148148
declaration 82738,190.53451343846478,1,0,0,0,0,1,1,6.109212962962963
declaration 82737,0.0,1,0,0,0,0,1,0,0.0
declaration 82102,51.6151239140231,1,0,0,0,0,1,1,7.242199074074074
declaration 83149,1704.8976445965852,1,0,0,0,0,1,1,11.172569444444445
declaration 85617,117.66028247067631,1,0,0,0,0,1,1,3.2712037037037036
declaration 79565,941.9453734613238,1,1,0,0,0,2,1,7.321909722222222
declaration 84898,132.60993853538866,1,1,0,0,0,2,1,47.23460648148148
declaration 82314,0.0,1,1,0,0,0,2,0,0.0
declaration 82312,0.0,1,1,0,0,0,2,1,4.33224537037037
declaration 86482,289.62031209297794,1,1,0,0,0,2,1,14.126643518518518
declaration 78517,415.79731398902703,1,1,0,0,0,2,1,6.234421296296296
declaration 85592,1088.7892146060594,1,0,0,0,0,1,1,62.08484953703704
declaration 86497,105.51817552923139,1,1,0,0,0,2,1,34.148773148148145
declaration 81148,1036.92067297965,1,0,0,0,0,1,1,6.223101851851852
declaration 86516,1226.0618059832757,1,0,0,0,0,1,1,7.014456018518518
declaration 80658,1536.2797500863574,1,0,1,0,0,2,1,28.277650462962963
declaration 79394,327.80721940137533,1,0,0,0,0,1,1,28.148738425925927
declaration 79606,1814.6959633800318,1,0,1,0,0,2,1,19.03247685185185
declaration 82706,1074.7798635898955,1,1,0,0,0,2,1,14.21394675925926
declaration 80496,996.1299029220138,1,1,0,0,0,2,1,13.164722222222222
declaration 85805,221.00923796274336,1,1,0,0,0,2,1,7.304131944444444
declaration 84921,285.9502367406663,1,0,0,0,0,1,1,14.637604166666666
declaration 86059,517.8239244128972,1,0,0,0,0,1,1,18.41034722222222
declaration 82395,2943.3046784455582,1,0,1,0,0,2,1,13.234224537037036
declaration 82221,1841.1626569601326,1,0,0,0,0,1,1,10.299722222222222
declaration 81974,986.4681208671244,1,0,0,0,0,1,1,8.052881944444444
declaration 85606,761.2325412113012,1,1,0,0,0,2,1,6.11369212962963
declaration 83000,113.63854203728515,1,1,0,0,0,2,1,5.2812268518518515
declaration 83224,79.28627894599389,1,0,0,0,0,1,1,4.146203703703704
declaration 86282,86.3292711351108,1,0,0,0,0,1,1,4.7096875
declaration 83157,2401.552761456319,1,0,1,0,0,2,1,12.145555555555555
declaration 86527,109.95117593137121,1,0,0,0,0,1,1,10.064976851851851
declaration 80674,281.5054868435763,1,0,0,0,0,1,1,3.407002314814815
declaration 86025,354.8934637121762,1,1,0,0,0,2,1,7.258078703703704
declaration 86024,0.0,1,1,0,0,0,2,0,168593.0
declaration 86027,0.0,1,1,0,0,0,2,0,0.0
declaration 83846,267.92472038452115,1,0,0,0,0,1,1,4.352928240740741
declaration 83092,457.66398811569104,1,0,0,0,0,1,1,13.314872685185184
declaration 86395,31.97338216579781,1,1,0,0,0,2,1,46.25539351851852
declaration 82404,330.6881826820423,1,0,0,0,0,1,1,34.87523148148148
declaration 80091,2103.9710008350316,1,1,0,0,0,2,1,6.128819444444445
declaration 83101,1073.8257579128845,1,1,0,0,0,2,1,13.275960648148148
declaration 78326,1590.4400696972552,1,1,0,0,0,2,1,8.013668981481482
declaration 79407,372.96752258391024,1,1,0,0,0,2,1,3.2306828703703703
declaration 82992,276.6771011268055,1,0,0,0,0,1,1,5.9690625
declaration 78529,579.9986077002904,1,0,0,0,0,1,1,7.040335648148148
declaration 83112,1329.1134315441311,1,1,0,0,0,2,1,7.100462962962963
declaration 82233,218.94505983870755,1,1,0,0,0,2,1,13.084583333333333
declaration 82415,335.9782366838524,1,1,0,0,0,2,1,13.839328703703703
declaration 82249,805.9946547232785,1,0,0,0,0,1,1,8.189224537037036
declaration 81987,1889.4422674530697,1,0,1,0,0,2,1,5.169664351851852
declaration 83033,512.3940503464676,1,0,0,0,0,1,1,3.2710416666666666
declaration 83041,287.39497367208145,1,1,0,0,0,2,1,20.286747685185187
declaration 85296,162.44483893791403,1,1,0,0,0,2,1,9.150497685185185
declaration 80815,294.68558711205986,1,0,0,0,0,1,1,5.806770833333333
declaration 86051,300.94406335938277,1,0,0,0,0,1,1,6.995023148148148
declaration 85306,1061.042673080227,1,0,0,0,0,1,1,3.1874884259259257
declaration 83129,1728.8520878347408,1,0,1,0,0,2,1,14.02574074074074
declaration 83236,456.4312143421634,1,0,1,0,0,2,1,7.1060995370370375
declaration 85814,0.0,1,0,0,0,0,1,0,0.0
declaration 86088,744.912631230124,1,1,0,0,0,2,1,18.05346064814815
declaration 82974,314.9237305644854,1,0,0,0,0,1,1,6.345694444444445
declaration 78538,67.93161368644387,1,1,0,0,0,2,1,35.13527777777778
declaration 80154,248.32964868835893,1,0,0,0,0,1,1,7.229768518518519
declaration 81172,380.15199694921535,1,0,0,0,0,1,1,7.022372685185185
declaration 84651,1190.2220838704445,1,0,1,0,0,2,1,5.187905092592593
declaration 83337,1153.0133041833822,1,0,1,0,0,2,1,9.288831018518518
declaration 83351,2702.30065601454,1,0,1,0,0,2,1,6.248854166666667
declaration 83264,3629.5107299475867,1,0,1,0,0,2,1,17.224907407407407
declaration 85821,698.7908387458714,1,0,1,0,0,2,1,6.336631944444444
declaration 85625,766.4157586245042,1,0,1,0,0,2,1,6.319409722222222
declaration 80345,453.1083801697716,1,0,0,0,0,1,1,10.265474537037036
declaration 82330,1662.9151188914925,1,0,1,0,0,2,1,5.288865740740741
declaration 85314,172.62373974806985,1,0,0,0,0,1,1,56.121689814814815
declaration 83280,1008.3284511055406,1,0,1,0,0,2,1,5.9940625
declaration 82339,88.08600800940128,1,0,0,0,0,1,1,5.124710648148148
declaration 81215,907.3285136818225,1,1,0,0,0,2,1,9.32130787037037
declaration 78548,796.8191992317388,1,0,0,0,0,1,1,7.31792824074074
declaration 83289,6573.989014255392,1,0,1,0,0,2,1,3.754398148148148
declaration 83167,6191.843981379004,1,0,1,0,0,2,1,3.8372916666666668
declaration 80689,320.1621947503619,1,1,0,0,0,2,1,10.31542824074074
declaration 84664,171.6121268625233,1,0,0,0,0,1,1,7.099236111111111
declaration 80353,206.33396654263794,1,0,0,0,0,1,1,7.967268518518519
declaration 78558,272.9190070536926,1,1,0,0,0,2,1,35.24333333333333
declaration 83382,877.107463150844,1,0,0,0,0,1,1,20.254155092592594
declaration 81394,723.9891014057424,1,1,1,0,0,3,1,7.33238425925926
declaration 83177,857.7886849523476,1,0,0,0,0,1,1,20.389733796296298
declaration 83574,2493.637020191313,1,0,1,0,0,2,1,12.101574074074074
declaration 81182,2083.8002830515097,1,0,0,0,0,1,1,17.300636574074073
declaration 78762,1416.8211926072906,1,1,0,0,0,2,1,9.349097222222222
declaration 81413,1572.3222395561465,1,0,1,0,0,2,1,7.176805555555555
declaration 79616,1372.7697845621615,1,0,1,0,0,2,1,7.115115740740741
declaration 84676,296.4667140368987,1,0,1,0,0,2,1,7.22875
declaration 83585,77.85407829479615,1,1,0,0,0,2,1,20.14966435185185
declaration 83548,1138.884897047353,1,0,0,0,0,1,1,5.185694444444445
declaration 85634,386.7729831228277,1,0,0,0,0,1,1,20.077175925925925
declaration 85834,594.0266653585564,1,1,0,0,0,2,1,3.274224537037037
declaration 81190,524.4335832244997,1,1,0,0,0,2,1,9.955115740740741
declaration 83598,376.97494456630494,1,0,0,0,0,1,1,7.231006944444444
declaration 83185,848.6586278818647,1,0,0,0,0,1,1,5.118148148148149
declaration 86449,911.2173758492455,1,1,0,0,0,2,1,10.232592592592592
declaration 86448,914.0783409225555,1,1,0,0,0,2,0,0.0
declaration 80162,734.5200558959056,1,0,0,0,0,1,1,13.018645833333334
declaration 83556,2341.2145478782736,1,1,0,0,0,2,1,10.234618055555556
declaration 84971,568.0443040713494,1,0,0,0,0,1,1,28.998078703703705
declaration 83611,119.74275684902435,1,0,0,0,0,1,1,2.274583333333333
declaration 82349,92.01736268368035,1,0,0,0,0,1,1,6.007696759259259
declaration 78896,947.4800225296246,1,0,0,0,0,1,1,11.287951388888889
declaration 78372,971.9233656329129,1,0,0,0,0,1,1,16.07212962962963
declaration 78904,496.2302858778363,1,1,0,0,0,2,1,9.304895833333333
declaration 85327,0.0,1,0,0,0,0,1,0,0.0
declaration 85325,1306.106817311003,1,0,0,0,0,1,1,2.300358796296296
declaration 80867,759.894760146034,1,0,0,0,0,1,1,7.086655092592593
declaration 80869,207.35896949076465,1,0,0,0,0,1,1,10.23355324074074
declaration 86150,1641.545748762321,1,1,0,0,0,2,1,21.249016203703704
declaration 86162,1924.8388548875307,1,1,0,0,0,2,1,17.265104166666667
declaration 86160,30.182790311850088,1,1,0,0,0,2,1,17.22820601851852
declaration 83197,1817.7331199608511,1,1,0,0,0,2,1,11.059398148148148
declaration 85848,902.4766684545773,1,0,1,0,0,2,1,5.737071759259259
declaration 83767,199.60184183628485,1,1,0,0,0,2,1,20.249872685185185
declaration 83769,962.6188116927212,1,1,0,0,0,2,1,16.34443287037037
declaration 85864,171.52731799659202,1,1,0,0,0,2,1,8.39162037037037
declaration 79634,1023.613553307386,1,0,0,0,0,1,1,10.864930555555556
declaration 80879,229.62004082782892,1,1,0,0,0,2,1,3.3842939814814814
declaration 83784,1267.3108482908563,1,0,1,0,0,2,1,7.046134259259259
declaration 78917,767.7095373668608,1,1,0,0,0,2,1,7.11724537037037
declaration 80369,72.7992326563527,1,0,0,0,0,1,1,8.087037037037037
declaration 83800,0.0,1,1,0,0,0,2,0,94583.0
declaration 83795,152.4668068362947,1,1,0,0,0,2,1,4.07462962962963
declaration 83801,85.85509511169992,1,1,0,0,0,2,1,7.272592592592592
declaration 83798,518.0910911912927,1,1,0,0,0,2,1,7.245474537037037
declaration 83797,0.0,1,1,0,0,0,2,0,77040.0
declaration 79422,1123.8756810468112,1,0,0,0,0,1,1,15.310694444444444
declaration 79642,845.0468940188755,1,0,1,0,0,2,1,7.31787037037037
declaration 85343,642.0399701301152,1,0,1,0,0,2,1,8.268356481481481
declaration 83626,477.5643029506174,1,0,0,0,0,1,1,7.069120370370371
declaration 83637,399.01008822270745,1,0,0,0,0,1,1,3.844699074074074
declaration 79430,980.4552702584709,1,0,0,0,0,1,1,4.183680555555555
declaration 86290,1294.0437484972865,1,0,0,0,0,1,1,6.049155092592593
declaration 85876,321.7513798146267,1,0,0,0,0,1,1,6.1533796296296295
declaration 84803,401.41169744840965,1,0,0,0,0,1,1,17.318287037037038
declaration 83859,525.1979992858656,1,0,0,0,0,1,1,8.037037037037036
declaration 84038,335.98070690294173,1,0,0,0,0,1,1,6.137002314814815
declaration 79651,4508.546496774676,1,0,0,0,0,1,1,6.254398148148148
declaration 83824,200.8500144657888,1,0,0,0,0,1,1,13.201701388888889
declaration 82361,265.7605691270245,1,1,0,0,0,2,1,11.102777777777778
declaration 83469,1623.0358208755124,1,0,1,0,0,2,1,13.262673611111111
declaration 82379,3855.177016039288,1,1,0,0,0,2,1,10.313194444444445
declaration 81565,342.0061850328811,1,0,0,0,0,1,1,7.319849537037037
declaration 83867,1282.0530778644447,1,0,0,0,0,1,1,6.166840277777778
declaration 82082,326.74527859905,1,1,0,0,0,2,1,10.265300925925926
declaration 83832,183.07044455305362,1,1,0,0,0,2,1,9.256921296296296
declaration 83411,115.47708788180257,1,0,0,0,0,1,1,3.209039351851852
declaration 85661,883.8582183866741,1,1,0,0,0,2,1,31.17846064814815
declaration 84814,949.5790239748442,1,1,0,0,0,2,1,37.09961805555555
declaration 84085,1582.498390027246,1,1,0,0,0,2,1,2.26125
declaration 84998,330.1587157547797,1,0,0,0,0,1,1,3.7712037037037036
declaration 80206,2576.010155623653,1,0,1,0,0,2,1,6.38912037037037
declaration 84067,1198.8330303511502,1,0,0,0,0,1,1,2.169074074074074
declaration 78942,3903.7092372255815,1,0,1,0,0,2,1,6.202222222222222
declaration 85413,1080.9358493840143,1,1,0,0,0,2,1,10.170011574074074
declaration 79076,1003.0674128837171,1,1,0,0,0,2,1,4.214699074074074
declaration 79438,2175.728344413319,1,0,1,0,0,2,1,17.316967592592594
declaration 78952,3932.241833740743,1,0,1,0,0,2,1,6.149178240740741
declaration 84005,98.90341155584431,1,0,0,0,0,1,1,3.1519328703703704
declaration 84013,47.99724384327739,1,0,0,0,0,1,1,3.159803240740741
declaration 86535,128.6510307600325,1,0,0,0,0,1,1,8.305798611111111
declaration 85131,217.604029171255,1,0,0,0,0,1,1,4.1571643518518515
declaration 83481,579.9871734667463,1,1,0,0,0,2,1,15.998576388888889
declaration 84025,192.37042330424097,1,0,1,0,0,2,1,3.3426620370370372
declaration 83497,843.8214529458565,1,0,0,0,0,1,1,10.330486111111112
declaration 79668,123.09688646288338,1,1,0,0,0,2,1,17.39027777777778
declaration 83507,1486.9513268613637,1,0,0,0,0,1,1,3.262071759259259
declaration 84982,1012.3055065127595,1,0,0,0,0,1,1,6.135081018518519
declaration 78962,3025.2808240611203,1,0,1,0,0,2,1,6.094710648148149
declaration 85042,220.36562942180836,1,1,0,0,0,2,1,7.016342592592593
declaration 83428,1568.55015877122,1,0,1,0,0,2,1,12.983541666666667
declaration 80382,3006.2526083630883,1,0,1,0,0,2,1,8.171550925925926
declaration 79685,28.413257277188052,1,1,0,0,0,2,1,10.311388888888889
declaration 83957,79.55712037612655,1,1,0,0,0,2,1,6.305740740740741
declaration 79696,201.60233922337062,1,0,0,0,0,1,1,5.312256944444444
declaration 79704,328.63222126817504,1,1,0,0,0,2,1,9.939456018518518
declaration 83967,3688.1311903217593,1,0,1,0,0,2,1,5.283206018518518
declaration 85426,1316.6741992713653,1,1,0,0,0,2,1,6.235266203703704
declaration 81573,426.09557794945385,1,0,0,0,0,1,1,33.04195601851852
declaration 85052,427.11507854163034,1,1,0,0,0,2,1,15.208819444444444
declaration 80907,707.9097796238435,1,0,0,0,0,1,1,10.069618055555555
declaration 81055,1102.8749354971303,1,1,0,0,0,2,1,3.254722222222222
declaration 81582,193.08212468195293,1,1,0,0,0,2,1,10.151666666666667
declaration 80394,1242.8416713301592,1,1,0,0,0,2,1,15.183900462962963
declaration 81065,1671.4969875349402,1,1,0,0,0,2,1,3.3133101851851854
declaration 78380,44.14990732292569,1,1,0,0,0,2,1,11.28800925925926
declaration 85719,804.194241907707,1,1,0,0,0,2,1,5.073796296296297
declaration 79741,284.0759045250295,1,0,0,0,0,1,1,11.822858796296297
declaration 79739,210.568392842003,1,0,0,0,0,1,1,11.744351851851851
declaration 79778,506.1232471232292,1,1,0,0,0,2,1,11.248321759259259
declaration 83977,248.32185947271142,1,1,0,0,0,2,1,8.374027777777778
declaration 79788,169.85789165589802,1,0,0,0,0,1,1,6.775150462962963
declaration 84059,2.7750066620442526,1,0,0,0,0,1,1,9.024467592592593
declaration 79796,385.53833733500784,1,1,0,0,0,2,1,7.234085648148148
declaration 84246,879.9348871761222,1,1,0,0,0,2,1,10.24855324074074
declaration 79806,2693.691409784677,1,0,1,0,0,2,1,4.245115740740741
declaration 85139,95.96804882921309,1,0,0,0,0,1,1,4.262326388888889
declaration 86130,339.58736685530965,1,0,0,0,0,1,1,8.313449074074073
declaration 85899,496.315917548452,1,0,0,0,0,1,1,3.929409722222222
declaration 84256,123.21745247530924,1,1,0,0,0,2,1,91.22863425925927
declaration 85015,2632.5714501282414,1,0,1,0,0,2,1,17.165092592592593
declaration 79088,24.41674320980954,1,1,0,0,0,2,1,6.137789351851852
declaration 81088,1101.435437599794,1,0,0,0,0,1,1,5.108009259259259
declaration 85024,140.7119326443279,1,0,0,0,0,1,1,4.345787037037037
declaration 84271,156.9864025264008,1,1,0,0,0,2,1,6.18693287037037
declaration 84168,0.0,1,1,0,0,0,2,0,1682.0
declaration 84166,143.10725203642053,1,1,0,0,0,2,1,7.191979166666667
declaration 86140,325.11837148630804,1,1,0,0,0,2,1,6.324456018518519
declaration 84180,246.420424911696,1,1,0,0,0,2,1,24.022060185185186
declaration 84284,290.75896153998366,1,0,0,0,0,1,1,3.307673611111111
declaration 81096,1592.3807975130944,1,0,0,0,0,1,1,8.080636574074074
declaration 85436,392.6811876035773,1,1,0,0,0,2,1,9.10837962962963
declaration 78391,446.8293011132031,1,1,0,0,0,2,1,2.9991203703703704
declaration 81112,940.5927402112529,1,1,0,0,0,2,1,13.946006944444445
declaration 83898,1487.0868641489908,1,0,1,0,0,2,1,11.15375
declaration 78403,935.3105276013976,1,1,0,0,0,2,1,5.185092592592593
declaration 86178,4948.2672814146,1,0,1,0,0,2,1,15.14988425925926
declaration 81311,1925.7430656739725,1,0,1,0,0,2,1,3.773715277777778
declaration 86300,488.64716026487025,1,0,0,0,0,1,1,6.253877314814815
declaration 81320,94.89492054510943,1,1,0,0,0,2,1,10.16087962962963
declaration 84201,254.69786203748257,1,1,0,0,0,2,1,13.167650462962962
declaration 86203,1483.5511733376647,1,0,0,0,0,1,1,2.3343055555555554
declaration 79101,588.6871514830499,1,1,0,0,0,2,1,6.97099537037037
declaration 83440,818.8759233486377,1,1,0,0,0,2,1,3.272523148148148
declaration 86191,115.28762486442142,1,0,0,0,0,1,1,16.940844907407406
declaration 81038,459.24898886842436,1,0,0,0,0,1,1,13.12863425925926
declaration 79145,720.5929454183421,1,1,0,0,0,2,1,12.313148148148148
declaration 80479,1506.0331505155489,1,0,0,0,0,1,1,3.347986111111111
declaration 85032,2574.821670469157,1,1,0,0,0,2,1,6.975775462962963
declaration 84220,1735.8938858125255,1,0,0,0,0,1,1,81.24021990740741
declaration 84228,954.7062309207195,1,0,0,0,0,1,0,0.0
declaration 80488,65.72168297420882,1,0,0,0,0,1,1,10.32744212962963
declaration 81046,200.03107047698415,1,1,0,0,0,2,1,11.114189814814814
declaration 84236,711.4262909180453,1,1,0,0,0,2,1,6.505925925925926
declaration 86229,95.65342124527368,1,1,0,0,0,2,1,3.282662037037037
declaration 81235,68.55144281806002,1,0,0,0,0,1,1,7.179756944444445
declaration 81233,17.344340953966995,1,0,0,0,0,1,1,7.177152777777778
declaration 81229,3.3036839912318086,1,0,0,0,0,1,1,7.174212962962963
declaration 81231,17.344340953966995,1,0,0,0,0,1,1,7.175613425925926
declaration 81227,84.24394177641112,1,0,0,0,0,1,1,6.371296296296296
declaration 79761,484.3960848801798,1,0,0,0,0,1,1,2.2958796296296295
declaration 81596,604.2993969605989,1,0,0,0,0,1,1,6.104363425925926
declaration 81252,869.2870909826075,1,0,0,0,0,1,1,8.625613425925925
declaration 81425,1469.5972036611743,1,0,1,0,0,2,1,8.616736111111111
declaration 79156,201.46088906600647,1,1,0,0,0,2,1,3.260219907407407
declaration 80975,244.86741741449768,1,1,0,0,0,2,1,3.2500347222222223
declaration 79816,596.4647551193935,1,1,0,0,0,2,1,6.357245370370371
declaration 85458,663.2223676145081,1,1,0,0,0,2,1,14.113101851851852
declaration 81263,1094.0604380493037,1,1,0,0,0,2,1,3.1405902777777777
declaration 80990,264.4707147296089,1,0,0,0,0,1,1,6.333263888888889
declaration 81276,176.88355431596764,1,1,0,0,0,2,1,16.29826388888889
declaration 81437,101.75189165926322,1,0,1,0,0,2,1,3.2755439814814813
declaration 81329,1074.6085840157693,1,1,0,0,0,2,1,57.938414351851854
declaration 84824,71.59084327464817,1,0,0,0,0,1,1,6.1180208333333335
declaration 81449,753.3984811744739,1,0,0,0,0,1,1,14.787974537037037
declaration 86310,1196.2864657006648,1,1,0,0,0,2,1,10.086423611111112
declaration 81465,28.81354319133563,1,1,0,0,0,2,1,6.374155092592592
declaration 86323,683.6571599682868,1,0,0,0,0,1,1,3.260659722222222
declaration 86407,459.60508740233104,1,1,0,0,0,2,1,6.347638888888889
declaration 83890,627.129580830214,1,0,0,0,0,1,1,12.949652777777779
declaration 81478,707.0918461524213,1,0,0,0,0,1,1,5.120590277777778
declaration 81010,816.2685015760825,1,1,0,0,0,2,1,4.261030092592593
declaration 81286,636.9243753477139,1,1,0,0,0,2,1,10.259606481481482
declaration 85448,684.8550600238494,1,0,0,0,0,1,1,6.265636574074074
declaration 84122,1828.3342131743123,1,0,0,0,0,1,1,7.817071759259259
declaration 81020,267.05759415075426,1,1,0,0,0,2,1,20.176712962962963
declaration 81296,583.0815441567846,1,1,0,0,0,2,1,3.2453587962962964
declaration 81030,322.5055123510663,1,0,0,0,0,1,1,16.241701388888888
declaration 84109,217.16872403338664,1,1,0,0,0,2,1,17.251122685185184
declaration 82267,119.45311669713784,1,1,0,0,0,2,1,13.14613425925926
declaration 79466,1166.0334808135074,1,1,0,0,0,2,1,8.345474537037036
declaration 81642,970.7636676283475,1,1,0,0,0,2,0,0.0
declaration 81640,740.8673346251489,1,1,0,0,0,2,1,13.021655092592592
declaration 79476,2789.438933946059,1,0,1,0,0,2,1,9.760543981481481
declaration 81655,414.37425626164134,1,1,0,0,0,2,1,3.382372685185185
declaration 85078,456.011072534234,1,1,0,0,0,2,1,6.037928240740741
declaration 86331,2324.7138562494106,1,0,1,0,0,2,1,9.830393518518518
declaration 82277,52.49145822574302,1,0,0,0,0,1,1,4.230046296296297
declaration 81613,1022.9201672125737,1,1,0,0,0,2,1,3.1552430555555557
declaration 85088,248.62699226801547,1,1,0,0,0,2,1,3.2879050925925926
declaration 81822,709.7123315979495,1,0,1,0,0,2,1,6.239953703703704
declaration 82300,535.3336137880947,1,1,0,0,0,2,1,4.1050810185185185
declaration 81704,314.8316061170756,1,0,0,0,0,1,1,6.095972222222223
declaration 85677,712.4262443106722,1,1,0,0,0,2,1,5.865856481481481
declaration 81669,1557.3021959015025,1,0,0,0,0,1,1,6.341435185185185
declaration 81681,1034.0463220222368,1,0,1,0,0,2,1,19.244155092592592
declaration 81838,18.7515191083232,1,1,0,0,0,2,1,3.096157407407407
declaration 81837,18.7515191083232,1,1,0,0,0,2,0,0.0
declaration 81552,1176.743132758222,1,1,0,0,0,2,1,13.330347222222223
declaration 81875,297.25409525091567,1,1,0,0,0,2,1,3.3319907407407405
declaration 81877,294.64660318731114,1,1,0,0,0,2,0,0.0
declaration 81862,874.2776087442918,1,1,0,0,0,2,1,8.130995370370371
declaration 85948,18.867000366294782,1,0,0,0,0,1,1,9.314444444444444
declaration 81741,87.51485257108736,1,0,0,0,0,1,1,6.069259259259259
declaration 83646,299.69532727649937,1,1,0,0,0,2,1,3.5431712962962965
declaration 85152,124.53993118791198,1,0,0,0,0,1,1,6.36886574074074
declaration 85154,807.0515277637717,1,0,0,0,0,1,1,6.40875
declaration 83656,645.8381064911277,1,1,0,0,0,2,1,28.99277777777778
declaration 81694,27.549132738500823,1,1,0,0,0,2,1,5.339155092592593
declaration 81766,205.20914653266695,1,0,0,0,0,1,1,4.532731481481481
declaration 80718,415.89053697287164,1,0,0,0,0,1,1,5.367361111111111
declaration 81774,295.11739382282235,1,1,0,0,0,2,1,21.09173611111111
declaration 81788,1295.7075647102592,1,0,0,0,0,1,1,6.254201388888889
declaration 86341,3218.114447168281,1,1,0,0,0,2,1,7.270150462962963
declaration 83674,646.273159936661,1,0,0,0,0,1,1,6.387951388888889
declaration 81799,23.96855220820045,1,0,0,0,0,1,1,6.328564814814815
declaration 81809,1381.1089405982298,1,0,1,0,0,2,1,6.361747685185185
declaration 83880,2074.7943245901215,1,0,1,0,0,2,1,5.968449074074074
declaration 86215,276.72470074435324,1,0,0,0,0,1,1,4.3140625
declaration 79114,171.3940646992652,1,1,0,0,0,2,1,13.078576388888889
declaration 81712,36.193071411346104,1,1,0,0,0,2,1,4.185277777777777
declaration 80510,984.1066161339741,1,0,0,0,0,1,1,10.087893518518518
declaration 84098,1021.9115583470618,1,0,0,0,0,1,1,5.951041666666667
declaration 79836,283.15149726627305,1,0,0,0,0,1,1,4.781516203703704
declaration 84134,1119.1728125969826,1,0,0,0,0,1,1,9.08599537037037
declaration 86421,890.9297518301702,1,0,0,0,0,1,1,3.2435300925925925
declaration 79136,2986.66289378778,1,0,1,0,0,2,1,6.252210648148148
declaration 84157,1297.1653121971315,1,1,0,0,0,2,1,7.095439814814815
declaration 81722,229.66382643162459,1,1,0,0,0,2,1,6.398206018518518
declaration 80915,57.1806907441232,1,1,0,0,0,2,1,8.086284722222222
declaration 80925,1051.1289101631016,1,1,0,0,0,2,1,13.133136574074074
declaration 78446,153.7664014381464,1,0,0,0,0,1,1,3.2605208333333335
declaration 80938,687.9139449366064,1,0,0,0,0,1,1,6.165891203703704
declaration 86351,332.1890543276064,1,1,0,0,0,2,1,10.076863425925925
declaration 80946,1629.0606625654834,1,0,0,0,0,1,1,6.244513888888889
declaration 80957,98.02573760629878,1,1,0,0,0,2,1,9.230231481481482
declaration 79579,182.97829206241587,1,1,0,0,0,2,1,8.311006944444445
declaration 80967,481.1862313586762,1,0,0,0,0,1,1,3.1131944444444444
declaration 79126,280.40365955729294,1,0,0,0,0,1,1,6.075532407407407
declaration 81104,107.96415778444516,1,0,0,0,0,1,1,5.12037037037037
declaration 81122,217.3770956206792,1,1,0,0,0,2,1,13.16519675925926
declaration 78623,304.516617998681,1,0,0,0,0,1,1,5.006053240740741
declaration 81132,373.04915686479376,1,1,0,0,0,2,1,10.881597222222222
declaration 85737,718.3041651943781,1,0,0,0,0,1,1,9.226956018518518
declaration 79589,512.8400526126261,1,1,0,0,0,2,1,10.340381944444445
declaration 81515,311.84798549177026,1,0,0,0,0,1,1,19.259895833333335
declaration 81523,234.80318907615643,1,0,0,0,0,1,1,13.310752314814815
declaration 86364,292.61035605687397,1,1,0,0,0,2,1,3.3348726851851853
declaration 81956,34.74151364092837,1,1,0,0,0,2,1,25.345335648148147
declaration 85967,1629.9830397648707,1,1,0,0,0,2,1,27.27746527777778
declaration 80650,1920.701613185603,1,0,0,0,0,1,1,3.149583333333333
declaration 84685,803.468547103341,1,0,0,0,0,1,1,5.957175925925926
declaration 78864,334.65665478400297,1,0,0,0,0,1,1,7.311412037037037
declaration 80408,544.1408388321111,1,1,0,0,0,2,1,13.278090277777778
declaration 84545,634.2870018726991,1,1,0,0,0,2,1,5.010659722222222
declaration 79488,0.0,1,1,0,0,0,2,0,5049.0
declaration 79486,245.97551948697617,1,1,0,0,0,2,1,7.356145833333334
declaration 73947,47.326514631163626,1,0,0,0,0,1,1,6.059479166666667
declaration 85774,35.86881805829775,1,1,0,0,0,2,1,10.2734375
declaration 79187,418.29336425348305,1,0,0,0,0,1,1,22.39928240740741
declaration 78872,48.066596481181456,1,1,0,0,0,2,1,12.242372685185185
declaration 84555,298.30282645877924,1,1,0,0,0,2,1,10.377673611111112
declaration 78656,1493.801794466487,1,1,0,0,0,2,1,3.218101851851852
declaration 85705,757.3964493169173,1,1,0,0,0,2,1,6.2996875
declaration 78436,380.0012454755116,1,1,0,0,0,2,1,10.009155092592593
declaration 78188,720.7535360192802,1,1,0,0,0,2,1,3.2035185185185187
declaration 78808,244.0191860888008,1,0,0,0,0,1,1,16.26621527777778
declaration 79713,425.5807802005335,1,0,0,0,0,1,1,13.08375
declaration 85766,91.12425732896352,1,0,0,0,0,1,1,3.239733796296296
declaration 79721,114.6800550432475,1,0,0,0,0,1,1,6.991423611111111
declaration 79500,850.1832286697033,1,0,0,0,0,1,1,4.91755787037037
declaration 79281,458.59997866436805,1,0,0,0,0,1,1,6.230219907407408
declaration 84471,1177.326443971645,1,0,0,0,0,1,1,5.2265856481481485
declaration 78454,477.1762707391071,1,1,0,0,0,2,1,6.119131944444445
declaration 78207,241.34729093898343,1,1,0,0,0,2,1,6.154259259259259
declaration 80898,46.47146450465596,1,1,0,0,0,2,1,5.290648148148148
declaration 80726,874.6783457942729,1,1,0,0,0,2,1,6.050891203703704
declaration 78642,201.44780040176525,1,1,0,0,0,2,1,8.124988425925926
declaration 85108,2924.9867702211086,1,1,0,0,0,2,1,10.273877314814815
declaration 78829,688.82454138136,1,0,1,0,0,2,1,3.924965277777778
declaration 80441,238.9792588492169,1,0,0,0,0,1,1,4.253009259259259
declaration 78671,338.0131761632378,1,1,0,0,0,2,1,2.982662037037037
declaration 79289,681.1738349761413,1,0,0,0,0,1,1,15.296828703703703
declaration 78690,280.0517203043741,1,0,0,0,0,1,1,9.340590277777778
declaration 78464,305.0867300880771,1,0,0,0,0,1,1,6.333148148148148
declaration 84697,84.22735713680119,1,0,0,0,0,1,1,8.053113425925925
declaration 79335,511.2691911924808,1,0,0,0,0,1,1,9.103379629629629
declaration 85098,121.78789373459944,1,1,0,0,0,2,1,10.049050925925926
declaration 78610,58.57114085501626,1,0,0,0,0,1,1,3.2605439814814816
declaration 78816,217.5437145111396,1,0,0,0,0,1,1,4.226828703703704
declaration 85745,159.43214936164023,1,0,0,0,0,1,1,5.750798611111111
declaration 78481,995.3001238663171,1,1,0,0,0,2,1,9.09775462962963
declaration 78776,130.56367117117045,1,1,0,0,0,2,1,3.276365740740741
declaration 84497,463.7456847707093,1,1,0,0,0,2,1,7.205972222222222
declaration 80306,877.8257947897007,1,1,0,0,0,2,1,3.131550925925926
declaration 78346,573.3134445321647,1,1,0,0,0,2,1,3.220648148148148
declaration 80454,824.1374261133205,1,1,0,0,0,2,1,3.124212962962963
declaration 80456,0.0,1,1,0,0,0,2,0,13066.0
declaration 86239,896.2499144764669,1,0,0,0,0,1,1,3.232175925925926
declaration 79948,426.80371347697184,1,0,0,0,0,1,1,3.3361921296296297
declaration 80324,235.80085723888595,1,0,0,0,0,1,1,7.074305555555555
declaration 80316,84.22447338889293,1,0,0,0,0,1,1,3.1533912037037037
declaration 80859,119.55861174750909,1,0,0,0,0,1,1,5.961041666666667
declaration 86274,30.49292641096344,1,0,0,0,0,1,1,5.201493055555556
declaration 80827,244.34960502032126,1,0,0,0,0,1,1,3.1032175925925927
declaration 84301,599.0956426142939,1,0,0,0,0,1,1,3.002025462962963
declaration 79044,258.00207919854665,1,1,0,0,0,2,1,2.247662037037037
declaration 84832,82.53956260442536,1,1,0,0,0,2,1,2.4056944444444444
